ciudad;departamento;entregas ;devoluciones ;oficina;dirección;hechos violentos;% pm
MEDELLÍN;ANTIOQUIA;71;8;0;79;0;40,4
ABEJORRAL;ANTIOQUIA;0;0;0;0;0;40,4
ABRIAQUÍ;ANTIOQUIA;0;0;0;0;0;40,4
ALEJANDRÍA;ANTIOQUIA;0;0;0;0;0;40,4
AMAGÁ;ANTIOQUIA;1;0;1;0;0;40,4
AMALFI;ANTIOQUIA;0;0;0;0;0;40,4
ANDES;ANTIOQUIA;0;0;0;0;0;40,4
ANGELÓPOLIS;ANTIOQUIA;0;0;0;0;0;40,4
ANGOSTURA;ANTIOQUIA;0;0;0;0;4;40,4
ANORÍ;ANTIOQUIA;0;0;0;0;0;40,4
SANTA FÉ DE ANTIOQUIA;ANTIOQUIA;1;0;1;0;0;40,4
ANZÁ;ANTIOQUIA;0;0;0;0;0;40,4
APARTADÓ;ANTIOQUIA;3;0;2;1;0;40,4
ARBOLETES;ANTIOQUIA;1;0;1;0;0;40,4
ARGELIA;ANTIOQUIA;0;0;0;0;261;40,4
ARMENIA;ANTIOQUIA;2;0;0;2;0;40,4
BARBOSA;ANTIOQUIA;3;0;1;2;4;40,4
BELMIRA;ANTIOQUIA;0;0;0;0;0;40,4
BELLO;ANTIOQUIA;15;3;0;18;15;40,4
BETANIA;ANTIOQUIA;0;0;0;0;3;40,4
BETULIA;ANTIOQUIA;0;0;0;0;10;40,4
CIUDAD BOLÍVAR;ANTIOQUIA;1;0;0;1;24;40,4
BRICEÑO;ANTIOQUIA;0;0;0;0;288;40,4
BURITICÁ;ANTIOQUIA;0;0;0;0;4;40,4
CÁCERES;ANTIOQUIA;0;0;0;0;47;40,4
CAICEDO;ANTIOQUIA;2;0;2;0;1;40,4
CALDAS;ANTIOQUIA;2;0;1;1;2;40,4
CAMPAMENTO;ANTIOQUIA;0;0;0;0;17;40,4
CAÑASGORDAS;ANTIOQUIA;0;0;0;0;0;40,4
CARACOLÍ;ANTIOQUIA;0;0;0;0;0;40,4
CARAMANTA;ANTIOQUIA;0;0;0;0;0;40,4
CAREPA;ANTIOQUIA;1;0;0;1;10;40,4
EL CARMEN DE VIBORAL;ANTIOQUIA;1;0;1;0;0;40,4
CAROLINA;ANTIOQUIA;0;0;0;0;0;40,4
CAUCASIA;ANTIOQUIA;6;0;5;1;81;40,4
CHIGORODÓ;ANTIOQUIA;2;0;0;2;2;40,4
CISNEROS;ANTIOQUIA;1;0;1;0;0;40,4
COCORNÁ;ANTIOQUIA;0;0;0;0;0;40,4
CONCEPCIÓN;ANTIOQUIA;0;0;0;0;0;40,4
CONCORDIA;ANTIOQUIA;2;0;2;0;0;40,4
COPACABANA;ANTIOQUIA;0;0;0;0;0;40,4
DABEIBA;ANTIOQUIA;0;0;0;0;0;40,4
DONMATÍAS;ANTIOQUIA;0;0;0;0;0;40,4
EBÉJICO;ANTIOQUIA;0;0;0;0;0;40,4
EL BAGRE;ANTIOQUIA;1;0;1;0;0;40,4
ENTRERRÍOS;ANTIOQUIA;0;0;0;0;0;40,4
ENVIGADO;ANTIOQUIA;9;0;0;9;0;40,4
FREDONIA;ANTIOQUIA;0;0;0;0;0;40,4
FRONTINO;ANTIOQUIA;0;0;0;0;0;40,4
GIRALDO;ANTIOQUIA;0;0;0;0;2;40,4
GIRARDOTA;ANTIOQUIA;0;0;0;0;0;40,4
GÓMEZ PLATA;ANTIOQUIA;0;0;0;0;0;40,4
GRANADA;ANTIOQUIA;3;1;3;1;2;40,4
GUADALUPE;ANTIOQUIA;1;0;1;0;30;40,4
GUARNE;ANTIOQUIA;3;0;2;1;0;40,4
GUATAPÉ;ANTIOQUIA;1;1;2;0;0;40,4
HELICONIA;ANTIOQUIA;0;0;0;0;0;40,4
HISPANIA;ANTIOQUIA;0;0;0;0;10;40,4
ITAGÜÍ;ANTIOQUIA;4;0;0;4;6;40,4
ITUANGO;ANTIOQUIA;2;0;2;0;0;40,4
JARDÍN;ANTIOQUIA;0;0;0;0;0;40,4
JERICÓ;ANTIOQUIA;0;0;0;0;0;40,4
LA CEJA;ANTIOQUIA;2;0;0;2;0;40,4
LA ESTRELLA;ANTIOQUIA;3;0;0;3;0;40,4
LA PINTADA;ANTIOQUIA;0;0;0;0;0;40,4
LA UNIÓN;ANTIOQUIA;0;0;0;0;3;40,4
LIBORINA;ANTIOQUIA;0;0;0;0;5;40,4
MACEO;ANTIOQUIA;0;1;0;1;0;40,4
MARINILLA;ANTIOQUIA;7;0;1;6;0;40,4
MONTEBELLO;ANTIOQUIA;1;0;1;0;0;40,4
MURINDÓ;ANTIOQUIA;0;0;0;0;0;40,4
MUTATÁ;ANTIOQUIA;1;0;0;1;16;40,4
NARIÑO;ANTIOQUIA;0;0;0;0;12;40,4
NECOCLÍ;ANTIOQUIA;2;0;0;2;2;40,4
NECHÍ;ANTIOQUIA;0;0;0;0;0;40,4
OLAYA;ANTIOQUIA;0;0;0;0;0;40,4
PEÑOL;ANTIOQUIA;0;0;0;0;0;40,4
PEQUE;ANTIOQUIA;0;0;0;0;0;40,4
PUEBLORRICO;ANTIOQUIA;0;0;0;0;0;40,4
PUERTO BERRÍO;ANTIOQUIA;1;0;1;0;0;40,4
PUERTO NARE;ANTIOQUIA;1;0;1;0;0;40,4
PUERTO TRIUNFO;ANTIOQUIA;0;0;0;0;0;40,4
REMEDIOS;ANTIOQUIA;3;0;2;1;27;40,4
RETIRO;ANTIOQUIA;0;0;0;0;0;40,4
RIONEGRO;ANTIOQUIA;7;1;0;8;0;40,4
SABANALARGA;ANTIOQUIA;1;0;1;0;0;40,4
SABANETA;ANTIOQUIA;1;0;0;1;0;40,4
SALGAR;ANTIOQUIA;0;0;0;0;5;40,4
SAN ANDRÉS DE CUERQUÍA;ANTIOQUIA;1;0;1;0;32;40,4
SAN CARLOS;ANTIOQUIA;0;0;0;0;0;40,4
SAN FRANCISCO;ANTIOQUIA;0;0;0;0;0;40,4
SAN JERÓNIMO;ANTIOQUIA;0;0;0;0;0;40,4
SAN JOSÉ DE LA MONTAÑA;ANTIOQUIA;0;0;0;0;0;40,4
SAN JUAN DE URABÁ;ANTIOQUIA;0;0;0;0;0;40,4
SAN LUIS;ANTIOQUIA;1;0;1;0;4;40,4
SAN PEDRO DE LOS MILAGROS;ANTIOQUIA;1;0;1;0;0;40,4
SAN PEDRO DE URABÁ;ANTIOQUIA;1;0;1;0;2;40,4
SAN RAFAEL;ANTIOQUIA;0;0;0;0;0;40,4
SAN ROQUE;ANTIOQUIA;0;0;0;0;8;40,4
SAN VICENTE FERRER;ANTIOQUIA;1;0;1;0;0;40,4
SANTA BÁRBARA;ANTIOQUIA;0;0;0;0;6;40,4
SANTA ROSA DE OSOS;ANTIOQUIA;1;0;1;0;0;40,4
SANTO DOMINGO;ANTIOQUIA;0;0;0;0;0;40,4
EL SANTUARIO;ANTIOQUIA;1;0;1;0;0;40,4
SEGOVIA;ANTIOQUIA;2;0;1;1;134;40,4
SONSÓN;ANTIOQUIA;1;0;1;0;4;40,4
SOPETRÁN;ANTIOQUIA;2;0;2;0;0;40,4
TÁMESIS;ANTIOQUIA;0;0;0;0;0;40,4
TARAZÁ;ANTIOQUIA;1;0;1;0;33;40,4
TARSO;ANTIOQUIA;0;0;0;0;0;40,4
TITIRIBÍ;ANTIOQUIA;1;0;1;0;0;40,4
TOLEDO;ANTIOQUIA;0;0;0;0;0;40,4
TURBO;ANTIOQUIA;3;1;4;0;36;40,4
URAMITA;ANTIOQUIA;0;0;0;0;0;40,4
URRAO;ANTIOQUIA;0;0;0;0;0;40,4
VALDIVIA;ANTIOQUIA;0;0;0;0;94;40,4
VALPARAÍSO;ANTIOQUIA;0;0;0;0;0;40,4
VEGACHÍ;ANTIOQUIA;0;0;0;0;0;40,4
VENECIA;ANTIOQUIA;0;0;0;0;0;40,4
VIGÍA DEL FUERTE;ANTIOQUIA;0;0;0;0;11;40,4
YALÍ;ANTIOQUIA;0;0;0;0;0;40,4
YARUMAL;ANTIOQUIA;0;0;0;0;84;40,4
YOLOMBÓ;ANTIOQUIA;1;0;0;1;16;40,4
YONDÓ;ANTIOQUIA;0;0;0;0;0;40,4
ZARAGOZA;ANTIOQUIA;4;0;4;0;14;40,4
BARRANQUILLA;ATLÁNTICO;18;0;0;18;30;39,2
BARANOA;ATLÁNTICO;1;0;0;1;4;39,2
CAMPO DE LA CRUZ;ATLÁNTICO;0;0;0;0;0;39,2
CANDELARIA;ATLÁNTICO;1;0;0;1;0;39,2
GALAPA;ATLÁNTICO;0;0;0;0;0;39,2
JUAN DE ACOSTA;ATLÁNTICO;0;0;0;0;0;39,2
LURUACO;ATLÁNTICO;0;0;0;0;0;39,2
MALAMBO;ATLÁNTICO;1;0;0;1;0;39,2
MANATÍ;ATLÁNTICO;0;0;0;0;0;39,2
PALMAR DE VARELA;ATLÁNTICO;0;0;0;0;0;39,2
PIOJÓ;ATLÁNTICO;0;0;0;0;0;39,2
POLONUEVO;ATLÁNTICO;0;0;0;0;0;39,2
PONEDERA;ATLÁNTICO;0;0;0;0;0;39,2
PUERTO COLOMBIA;ATLÁNTICO;0;0;0;0;0;39,2
REPELÓN;ATLÁNTICO;0;0;0;0;0;39,2
SABANAGRANDE;ATLÁNTICO;1;0;0;1;0;39,2
SABANALARGA;ATLÁNTICO;1;0;1;0;0;39,2
SANTA LUCÍA;ATLÁNTICO;0;0;0;0;0;39,2
SANTO TOMÁS;ATLÁNTICO;0;0;0;0;0;39,2
SOLEDAD;ATLÁNTICO;4;1;0;5;0;39,2
SUAN;ATLÁNTICO;0;0;0;0;2;39,2
TUBARÁ;ATLÁNTICO;0;0;0;0;0;39,2
USIACURÍ;ATLÁNTICO;0;0;0;0;0;39,2
BOGOTÁ, D.C.;BOGOTÁ, D.C.;70;10;0;80;0;38,6
CARTAGENA DE INDIAS;BOLÍVAR;30;5;3;32;0;39,8
ACHÍ;BOLÍVAR;1;0;0;1;0;39,8
ALTOS DEL ROSARIO;BOLÍVAR;0;0;0;0;0;39,8
ARENAL;BOLÍVAR;0;0;0;0;0;39,8
ARJONA;BOLÍVAR;0;1;1;0;0;39,8
ARROYOHONDO;BOLÍVAR;0;0;0;0;0;39,8
BARRANCO DE LOBA;BOLÍVAR;0;0;0;0;0;39,8
CALAMAR;BOLÍVAR;0;0;0;0;40;39,8
CANTAGALLO;BOLÍVAR;1;0;0;1;0;39,8
CICUCO;BOLÍVAR;0;0;0;0;0;39,8
CÓRDOBA;BOLÍVAR;1;0;1;0;0;39,8
CLEMENCIA;BOLÍVAR;1;0;0;1;0;39,8
EL CARMEN DE BOLÍVAR;BOLÍVAR;0;0;0;0;32;39,8
EL GUAMO;BOLÍVAR;0;0;0;0;0;39,8
EL PEÑÓN;BOLÍVAR;0;0;0;0;0;39,8
HATILLO DE LOBA;BOLÍVAR;0;0;0;0;0;39,8
MAGANGUÉ;BOLÍVAR;1;1;0;2;0;39,8
MAHATES;BOLÍVAR;1;1;1;1;0;39,8
MARGARITA;BOLÍVAR;0;0;0;0;0;39,8
MARÍA LA BAJA;BOLÍVAR;2;0;0;2;4;39,8
MONTECRISTO;BOLÍVAR;2;0;2;0;346;39,8
SANTA CRUZ DE MOMPOX;BOLÍVAR;0;0;0;0;0;39,8
MORALES;BOLÍVAR;1;0;1;0;86;39,8
NOROSÍ;BOLÍVAR;0;0;0;0;9;39,8
PINILLOS;BOLÍVAR;0;0;0;0;0;39,8
REGIDOR;BOLÍVAR;0;0;0;0;1;39,8
RÍO VIEJO;BOLÍVAR;0;0;0;0;102;39,8
SAN CRISTÓBAL;BOLÍVAR;0;0;0;0;0;39,8
SAN ESTANISLAO;BOLÍVAR;1;0;1;0;0;39,8
SAN FERNANDO;BOLÍVAR;0;0;0;0;0;39,8
SAN JACINTO;BOLÍVAR;0;0;0;0;0;39,8
SAN JACINTO DEL CAUCA;BOLÍVAR;0;0;0;0;0;39,8
SAN JUAN NEPOMUCENO;BOLÍVAR;1;0;1;0;0;39,8
SAN MARTÍN DE LOBA;BOLÍVAR;0;0;0;0;0;39,8
SAN PABLO;BOLÍVAR;2;0;2;0;0;39,8
SANTA CATALINA;BOLÍVAR;0;0;0;0;0;39,8
SANTA ROSA;BOLÍVAR;0;0;0;0;216;39,8
SANTA ROSA DEL SUR;BOLÍVAR;0;0;0;0;577;39,8
SIMITÍ;BOLÍVAR;1;1;2;0;30;39,8
SOPLAVIENTO;BOLÍVAR;0;0;0;0;0;39,8
TALAIGUA NUEVO;BOLÍVAR;0;0;0;0;0;39,8
TIQUISIO;BOLÍVAR;0;0;0;0;0;39,8
TURBACO;BOLÍVAR;4;0;2;2;0;39,8
TURBANÁ;BOLÍVAR;0;0;0;0;0;39,8
VILLANUEVA;BOLÍVAR;1;0;0;1;5;39,8
ZAMBRANO;BOLÍVAR;0;0;0;0;14;39,8
TUNJA;BOYACÁ;3;0;0;3;0;38,3
ALMEIDA;BOYACÁ;0;0;0;0;0;38,3
AQUITANIA;BOYACÁ;0;0;0;0;0;38,3
ARCABUCO;BOYACÁ;0;0;0;0;0;38,3
BELÉN;BOYACÁ;0;0;0;0;0;38,3
BERBEO;BOYACÁ;0;0;0;0;0;38,3
BETÉITIVA;BOYACÁ;0;0;0;0;0;38,3
BOAVITA;BOYACÁ;0;0;0;0;0;38,3
BOYACÁ;BOYACÁ;0;0;0;0;0;38,3
BRICEÑO;BOYACÁ;0;0;0;0;288;38,3
BUENAVISTA;BOYACÁ;0;0;0;0;17;38,3
BUSBANZÁ;BOYACÁ;0;0;0;0;0;38,3
CALDAS;BOYACÁ;2;0;1;1;2;38,3
CAMPOHERMOSO;BOYACÁ;0;0;0;0;0;38,3
CERINZA;BOYACÁ;0;0;0;0;0;38,3
CHINAVITA;BOYACÁ;0;0;0;0;0;38,3
CHIQUINQUIRÁ;BOYACÁ;0;0;0;0;0;38,3
CHISCAS;BOYACÁ;0;0;0;0;0;38,3
CHITA;BOYACÁ;0;0;0;0;0;38,3
CHITARAQUE;BOYACÁ;0;0;0;0;0;38,3
CHIVATÁ;BOYACÁ;0;0;0;0;0;38,3
CIÉNEGA;BOYACÁ;0;0;0;0;0;38,3
CÓMBITA;BOYACÁ;0;0;0;0;0;38,3
COPER;BOYACÁ;0;0;0;0;0;38,3
CORRALES;BOYACÁ;0;0;0;0;0;38,3
COVARACHÍA;BOYACÁ;0;0;0;0;0;38,3
CUBARÁ;BOYACÁ;0;0;0;0;0;38,3
CUCAITA;BOYACÁ;0;0;0;0;0;38,3
CUÍTIVA;BOYACÁ;0;0;0;0;0;38,3
CHÍQUIZA;BOYACÁ;0;0;0;0;0;38,3
CHIVOR;BOYACÁ;0;0;0;0;0;38,3
DUITAMA;BOYACÁ;3;0;0;3;0;38,3
EL COCUY;BOYACÁ;0;0;0;0;0;38,3
EL ESPINO;BOYACÁ;0;0;0;0;0;38,3
FIRAVITOBA;BOYACÁ;0;0;0;0;0;38,3
FLORESTA;BOYACÁ;0;0;0;0;0;38,3
GACHANTIVÁ;BOYACÁ;0;0;0;0;0;38,3
GÁMEZA;BOYACÁ;0;0;0;0;0;38,3
GARAGOA;BOYACÁ;0;0;0;0;0;38,3
GUACAMAYAS;BOYACÁ;0;0;0;0;0;38,3
GUATEQUE;BOYACÁ;0;0;0;0;0;38,3
GUAYATÁ;BOYACÁ;0;0;0;0;0;38,3
GÜICÁN DE LA SIERRA;BOYACÁ;6;0;5;1;0;38,3
IZA;BOYACÁ;0;0;0;0;0;38,3
JENESANO;BOYACÁ;0;0;0;0;0;38,3
JERICÓ;BOYACÁ;0;0;0;0;0;38,3
LABRANZAGRANDE;BOYACÁ;0;0;0;0;0;38,3
LA CAPILLA;BOYACÁ;1;0;1;0;0;38,3
LA VICTORIA;BOYACÁ;0;0;0;0;0;38,3
LA UVITA;BOYACÁ;0;0;0;0;0;38,3
VILLA DE LEYVA;BOYACÁ;0;0;0;0;0;38,3
MACANAL;BOYACÁ;0;0;0;0;0;38,3
MARIPÍ;BOYACÁ;0;0;0;0;0;38,3
MIRAFLORES;BOYACÁ;1;0;1;0;0;38,3
MONGUA;BOYACÁ;0;0;0;0;0;38,3
MONGUÍ;BOYACÁ;0;0;0;0;0;38,3
MONIQUIRÁ;BOYACÁ;0;0;0;0;0;38,3
MOTAVITA;BOYACÁ;0;0;0;0;0;38,3
MUZO;BOYACÁ;0;0;0;0;0;38,3
NOBSA;BOYACÁ;0;0;0;0;0;38,3
NUEVO COLÓN;BOYACÁ;0;0;0;0;0;38,3
OICATÁ;BOYACÁ;0;0;0;0;0;38,3
OTANCHE;BOYACÁ;0;0;0;0;0;38,3
PACHAVITA;BOYACÁ;0;0;0;0;0;38,3
PÁEZ;BOYACÁ;0;0;0;0;24;38,3
PAIPA;BOYACÁ;0;0;0;0;0;38,3
PAJARITO;BOYACÁ;0;0;0;0;0;38,3
PANQUEBA;BOYACÁ;0;0;0;0;0;38,3
PAUNA;BOYACÁ;0;0;0;0;0;38,3
PAYA;BOYACÁ;0;0;0;0;0;38,3
PAZ DE RÍO;BOYACÁ;0;0;0;0;0;38,3
PESCA;BOYACÁ;0;0;0;0;0;38,3
PISBA;BOYACÁ;0;0;0;0;0;38,3
PUERTO BOYACÁ;BOYACÁ;2;0;1;1;0;38,3
QUÍPAMA;BOYACÁ;0;1;1;0;0;38,3
RAMIRIQUÍ;BOYACÁ;0;0;0;0;0;38,3
RÁQUIRA;BOYACÁ;0;0;0;0;0;38,3
RONDÓN;BOYACÁ;0;0;0;0;0;38,3
SABOYÁ;BOYACÁ;0;0;0;0;0;38,3
SÁCHICA;BOYACÁ;2;0;0;2;0;38,3
SAMACÁ;BOYACÁ;0;0;0;0;0;38,3
SAN EDUARDO;BOYACÁ;0;0;0;0;0;38,3
SAN JOSÉ DE PARE;BOYACÁ;0;0;0;0;0;38,3
SAN LUIS DE GACENO;BOYACÁ;0;0;0;0;0;38,3
SAN MATEO;BOYACÁ;0;0;0;0;0;38,3
SAN MIGUEL DE SEMA;BOYACÁ;0;0;0;0;0;38,3
SAN PABLO DE BORBUR;BOYACÁ;0;0;0;0;0;38,3
SANTANA;BOYACÁ;0;0;0;0;0;38,3
SANTA MARÍA;BOYACÁ;0;0;0;0;0;38,3
SANTA ROSA DE VITERBO;BOYACÁ;0;0;0;0;0;38,3
SANTA SOFÍA;BOYACÁ;0;0;0;0;0;38,3
SATIVANORTE;BOYACÁ;0;0;0;0;0;38,3
SATIVASUR;BOYACÁ;0;0;0;0;0;38,3
SIACHOQUE;BOYACÁ;1;0;1;0;0;38,3
SOATÁ;BOYACÁ;0;0;0;0;0;38,3
SOCOTÁ;BOYACÁ;2;0;0;2;0;38,3
SOCHA;BOYACÁ;0;0;0;0;0;38,3
SOGAMOSO;BOYACÁ;0;0;0;0;0;38,3
SOMONDOCO;BOYACÁ;0;0;0;0;0;38,3
SORA;BOYACÁ;0;0;0;0;0;38,3
SOTAQUIRÁ;BOYACÁ;0;0;0;0;0;38,3
SORACÁ;BOYACÁ;0;0;0;0;0;38,3
SUSACÓN;BOYACÁ;0;0;0;0;0;38,3
SUTAMARCHÁN;BOYACÁ;0;0;0;0;0;38,3
SUTATENZA;BOYACÁ;0;0;0;0;0;38,3
TASCO;BOYACÁ;0;0;0;0;0;38,3
TENZA;BOYACÁ;0;0;0;0;0;38,3
TIBANÁ;BOYACÁ;0;1;1;0;0;38,3
TIBASOSA;BOYACÁ;0;0;0;0;0;38,3
TINJACÁ;BOYACÁ;0;0;0;0;0;38,3
TIPACOQUE;BOYACÁ;0;0;0;0;0;38,3
TOCA;BOYACÁ;0;0;0;0;0;38,3
TOGÜÍ;BOYACÁ;0;0;0;0;0;38,3
TÓPAGA;BOYACÁ;1;0;1;0;0;38,3
TOTA;BOYACÁ;0;0;0;0;0;38,3
TUNUNGUÁ;BOYACÁ;0;0;0;0;0;38,3
TURMEQUÉ;BOYACÁ;0;0;0;0;0;38,3
TUTA;BOYACÁ;0;0;0;0;0;38,3
TUTAZÁ;BOYACÁ;0;0;0;0;0;38,3
ÚMBITA;BOYACÁ;0;0;0;0;0;38,3
VENTAQUEMADA;BOYACÁ;0;0;0;0;0;38,3
VIRACACHÁ;BOYACÁ;0;0;0;0;0;38,3
ZETAQUIRA;BOYACÁ;0;0;0;0;0;38,3
MANIZALES;CALDAS;14;0;0;14;0;39,3
AGUADAS;CALDAS;0;0;0;0;0;39,3
ANSERMA;CALDAS;2;0;1;1;3;39,3
ARANZAZU;CALDAS;0;0;0;0;0;39,3
BELALCÁZAR;CALDAS;3;0;3;0;0;39,3
CHINCHINÁ;CALDAS;1;0;0;1;0;39,3
FILADELFIA;CALDAS;0;0;0;0;0;39,3
LA DORADA;CALDAS;3;0;0;3;7;39,3
LA MERCED;CALDAS;0;0;0;0;0;39,3
MANZANARES;CALDAS;4;0;3;1;0;39,3
MARMATO;CALDAS;1;0;1;0;0;39,3
MARQUETALIA;CALDAS;0;0;0;0;0;39,3
MARULANDA;CALDAS;0;0;0;0;0;39,3
NEIRA;CALDAS;0;0;0;0;0;39,3
NORCASIA;CALDAS;1;0;1;0;0;39,3
PÁCORA;CALDAS;0;0;0;0;0;39,3
PALESTINA;CALDAS;1;0;1;0;0;39,3
PENSILVANIA;CALDAS;0;0;0;0;0;39,3
RIOSUCIO;CALDAS;0;0;0;0;50;39,3
RISARALDA;CALDAS;0;0;0;0;0;39,3
SALAMINA;CALDAS;0;0;0;0;0;39,3
SAMANÁ;CALDAS;1;0;1;0;0;39,3
SAN JOSÉ;CALDAS;3;0;0;3;0;39,3
SUPÍA;CALDAS;0;0;0;0;0;39,3
VICTORIA;CALDAS;0;0;0;0;0;39,3
VILLAMARÍA;CALDAS;0;0;0;0;0;39,3
VITERBO;CALDAS;1;0;0;1;0;39,3
FLORENCIA;CAQUETÁ;3;0;1;2;72;37,7
ALBANIA;CAQUETÁ;1;0;0;1;4;37,7
BELÉN DE LOS ANDAQUÍES;CAQUETÁ;0;0;0;0;7;37,7
CARTAGENA DEL CHAIRÁ;CAQUETÁ;0;1;1;0;0;37,7
CURILLO;CAQUETÁ;0;0;0;0;0;37,7
EL DONCELLO;CAQUETÁ;1;0;0;1;0;37,7
EL PAUJÍL;CAQUETÁ;0;0;0;0;0;37,7
LA MONTAÑITA;CAQUETÁ;0;0;0;0;0;37,7
MILÁN;CAQUETÁ;0;0;0;0;0;37,7
MORELIA;CAQUETÁ;0;0;0;0;0;37,7
PUERTO RICO;CAQUETÁ;0;0;0;0;0;37,7
SAN JOSÉ DEL FRAGUA;CAQUETÁ;1;0;1;0;0;37,7
SAN VICENTE DEL CAGUÁN;CAQUETÁ;0;0;0;0;0;37,7
SOLANO;CAQUETÁ;1;0;1;0;0;37,7
SOLITA;CAQUETÁ;0;0;0;0;5;37,7
VALPARAÍSO;CAQUETÁ;0;0;0;0;0;37,7
POPAYÁN;CAUCA;10;1;1;10;14;39,5
ALMAGUER;CAUCA;0;0;0;0;9;39,5
ARGELIA;CAUCA;0;0;0;0;261;39,5
BALBOA;CAUCA;0;0;0;0;27;39,5
BOLÍVAR;CAUCA;1;0;0;1;26;39,5
BUENOS AIRES;CAUCA;0;0;0;0;51;39,5
CAJIBÍO;CAUCA;0;0;0;0;73;39,5
CALDONO;CAUCA;1;0;1;0;23;39,5
CALOTO;CAUCA;1;0;0;1;44;39,5
CORINTO;CAUCA;0;0;0;0;89;39,5
EL TAMBO;CAUCA;0;0;0;0;64;39,5
FLORENCIA;CAUCA;3;0;1;2;72;39,5
GUACHENÉ;CAUCA;1;1;1;1;2;39,5
GUAPI;CAUCA;0;0;0;0;77;39,5
INZÁ;CAUCA;1;0;1;0;37;39,5
JAMBALÓ;CAUCA;0;0;0;0;3;39,5
LA SIERRA;CAUCA;0;0;0;0;5;39,5
LA VEGA;CAUCA;2;0;2;0;4;39,5
LÓPEZ DE MICAY;CAUCA;0;0;0;0;105;39,5
MERCADERES;CAUCA;0;0;0;0;28;39,5
MIRANDA;CAUCA;1;0;1;0;11;39,5
MORALES;CAUCA;1;0;1;0;86;39,5
PADILLA;CAUCA;0;0;0;0;6;39,5
PÁEZ;CAUCA;0;0;0;0;24;39,5
PATÍA;CAUCA;1;0;1;0;29;39,5
PIAMONTE;CAUCA;0;0;0;0;0;39,5
PIENDAMÓ - TUNÍA;CAUCA;0;0;0;0;0;39,5
PUERTO TEJADA;CAUCA;0;0;0;0;0;39,5
PURACÉ;CAUCA;0;0;0;0;0;39,5
ROSAS;CAUCA;0;0;0;0;0;39,5
SAN SEBASTIÁN;CAUCA;0;0;0;0;0;39,5
SANTANDER DE QUILICHAO;CAUCA;2;1;1;2;0;39,5
SANTA ROSA;CAUCA;0;0;0;0;216;39,5
SILVIA;CAUCA;1;0;1;0;0;39,5
SOTARÁ - PAISPAMBA;CAUCA;0;0;0;0;0;39,5
SUÁREZ;CAUCA;0;0;0;0;0;39,5
SUCRE;CAUCA;0;0;0;0;0;39,5
TIMBÍO;CAUCA;0;0;0;0;0;39,5
TIMBIQUÍ;CAUCA;0;0;0;0;0;39,5
TORIBÍO;CAUCA;0;0;0;0;0;39,5
TOTORÓ;CAUCA;0;0;0;0;0;39,5
VILLA RICA;CAUCA;0;0;0;0;0;39,5
VALLEDUPAR;CESAR;8;0;0;8;4;40,1
AGUACHICA;CESAR;1;1;0;2;19;40,1
AGUSTÍN CODAZZI;CESAR;1;0;1;0;13;40,1
ASTREA;CESAR;0;0;0;0;0;40,1
BECERRIL;CESAR;0;1;0;1;4;40,1
BOSCONIA;CESAR;0;0;0;0;10;40,1
CHIMICHAGUA;CESAR;0;0;0;0;1;40,1
CHIRIGUANÁ;CESAR;1;0;0;1;2;40,1
CURUMANÍ;CESAR;0;0;0;0;19;40,1
EL COPEY;CESAR;1;0;0;1;2;40,1
EL PASO;CESAR;1;0;0;1;5;40,1
GAMARRA;CESAR;0;1;1;0;0;40,1
GONZÁLEZ;CESAR;0;0;0;0;5;40,1
LA GLORIA;CESAR;1;0;1;0;3;40,1
LA JAGUA DE IBIRICO;CESAR;1;0;0;1;0;40,1
MANAURE BALCÓN DEL CESAR;CESAR;0;0;0;0;0;40,1
PAILITAS;CESAR;1;0;0;1;0;40,1
PELAYA;CESAR;2;0;1;1;0;40,1
PUEBLO BELLO;CESAR;0;0;0;0;0;40,1
RÍO DE ORO;CESAR;0;0;0;0;0;40,1
LA PAZ;CESAR;0;0;0;0;0;40,1
SAN ALBERTO;CESAR;0;0;0;0;0;40,1
SAN DIEGO;CESAR;0;0;0;0;0;40,1
SAN MARTÍN;CESAR;3;0;0;3;0;40,1
TAMALAMEQUE;CESAR;0;0;0;0;0;40,1
MONTERÍA;CÓRDOBA;2;1;0;3;0;42,8
AYAPEL;CÓRDOBA;1;0;1;0;0;42,8
BUENAVISTA;CÓRDOBA;0;0;0;0;17;42,8
CANALETE;CÓRDOBA;0;0;0;0;2;42,8
CERETÉ;CÓRDOBA;0;0;0;0;10;42,8
CHIMÁ;CÓRDOBA;0;0;0;0;6;42,8
CHINÚ;CÓRDOBA;1;1;2;0;10;42,8
CIÉNAGA DE ORO;CÓRDOBA;0;0;0;0;2;42,8
COTORRA;CÓRDOBA;0;0;0;0;0;42,8
LA APARTADA;CÓRDOBA;0;0;0;0;0;42,8
LORICA;CÓRDOBA;0;0;0;0;0;42,8
LOS CÓRDOBAS;CÓRDOBA;0;0;0;0;2;42,8
MOMIL;CÓRDOBA;0;0;0;0;0;42,8
MONTELÍBANO;CÓRDOBA;1;0;1;0;17;42,8
MOÑITOS;CÓRDOBA;0;0;0;0;5;42,8
PLANETA RICA;CÓRDOBA;0;0;0;0;9;42,8
PUEBLO NUEVO;CÓRDOBA;2;0;1;1;2;42,8
PUERTO ESCONDIDO;CÓRDOBA;0;0;0;0;2;42,8
PUERTO LIBERTADOR;CÓRDOBA;0;0;0;0;14;42,8
PURÍSIMA DE LA CONCEPCIÓN;CÓRDOBA;0;0;0;0;2;42,8
SAHAGÚN;CÓRDOBA;2;0;1;1;0;42,8
SAN ANDRÉS DE SOTAVENTO;CÓRDOBA;0;0;0;0;1;42,8
SAN ANTERO;CÓRDOBA;1;0;1;0;0;42,8
SAN BERNARDO DEL VIENTO;CÓRDOBA;0;0;0;0;7;42,8
SAN CARLOS;CÓRDOBA;0;0;0;0;0;42,8
SAN JOSÉ DE URÉ;CÓRDOBA;1;0;1;0;15;42,8
SAN PELAYO;CÓRDOBA;0;0;0;0;0;42,8
TIERRALTA;CÓRDOBA;0;0;0;0;654;42,8
TUCHÍN;CÓRDOBA;0;0;0;0;0;42,8
VALENCIA;CÓRDOBA;0;0;0;0;13;42,8
AGUA DE DIOS;CUNDINAMARCA;0;0;0;0;0;42,8
ALBÁN;CUNDINAMARCA;0;0;0;0;0;42,8
ANAPOIMA;CUNDINAMARCA;0;0;0;0;0;42,8
ANOLAIMA;CUNDINAMARCA;0;0;0;0;0;42,8
ARBELÁEZ;CUNDINAMARCA;0;0;0;0;0;42,8
BELTRÁN;CUNDINAMARCA;0;0;0;0;0;42,8
BITUIMA;CUNDINAMARCA;0;0;0;0;0;42,8
BOJACÁ;CUNDINAMARCA;0;0;0;0;0;42,8
CABRERA;CUNDINAMARCA;0;0;0;0;0;42,8
CACHIPAY;CUNDINAMARCA;0;0;0;0;0;42,8
CAJICÁ;CUNDINAMARCA;2;0;0;2;0;42,8
CAPARRAPÍ;CUNDINAMARCA;1;0;1;0;0;42,8
CÁQUEZA;CUNDINAMARCA;0;0;0;0;0;42,8
CARMEN DE CARUPA;CUNDINAMARCA;0;0;0;0;0;42,8
CHAGUANÍ;CUNDINAMARCA;0;0;0;0;0;42,8
CHÍA;CUNDINAMARCA;2;0;0;2;0;42,8
CHIPAQUE;CUNDINAMARCA;0;0;0;0;0;42,8
CHOACHÍ;CUNDINAMARCA;0;0;0;0;0;42,8
CHOCONTÁ;CUNDINAMARCA;0;0;0;0;0;42,8
COGUA;CUNDINAMARCA;0;0;0;0;0;42,8
COTA;CUNDINAMARCA;0;0;0;0;0;42,8
CUCUNUBÁ;CUNDINAMARCA;0;0;0;0;0;42,8
EL COLEGIO;CUNDINAMARCA;0;0;0;0;0;42,8
EL PEÑÓN;CUNDINAMARCA;0;0;0;0;0;42,8
EL ROSAL;CUNDINAMARCA;1;0;0;1;0;42,8
FACATATIVÁ;CUNDINAMARCA;1;1;0;2;0;42,8
FÓMEQUE;CUNDINAMARCA;1;0;0;1;0;42,8
FOSCA;CUNDINAMARCA;0;0;0;0;0;42,8
FUNZA;CUNDINAMARCA;7;0;0;7;0;42,8
FÚQUENE;CUNDINAMARCA;0;0;0;0;0;42,8
FUSAGASUGÁ;CUNDINAMARCA;3;0;0;3;0;42,8
GACHALÁ;CUNDINAMARCA;0;0;0;0;0;42,8
GACHANCIPÁ;CUNDINAMARCA;0;0;0;0;0;42,8
GACHETÁ;CUNDINAMARCA;0;0;0;0;0;42,8
GAMA;CUNDINAMARCA;0;0;0;0;0;42,8
GIRARDOT;CUNDINAMARCA;3;0;0;3;2;42,8
GRANADA;CUNDINAMARCA;3;1;3;1;2;42,8
GUACHETÁ;CUNDINAMARCA;0;0;0;0;0;42,8
GUADUAS;CUNDINAMARCA;1;0;0;1;0;42,8
GUASCA;CUNDINAMARCA;0;0;0;0;0;42,8
GUATAQUÍ;CUNDINAMARCA;0;0;0;0;0;42,8
GUATAVITA;CUNDINAMARCA;0;0;0;0;0;42,8
GUAYABAL DE SÍQUIMA;CUNDINAMARCA;0;0;0;0;0;42,8
GUAYABETAL;CUNDINAMARCA;0;0;0;0;0;42,8
GUTIÉRREZ;CUNDINAMARCA;0;0;0;0;0;42,8
JERUSALÉN;CUNDINAMARCA;0;0;0;0;0;42,8
JUNÍN;CUNDINAMARCA;0;0;0;0;0;42,8
LA CALERA;CUNDINAMARCA;0;0;0;0;0;42,8
LA MESA;CUNDINAMARCA;0;0;0;0;0;42,8
LA PALMA;CUNDINAMARCA;2;0;0;2;0;42,8
LA PEÑA;CUNDINAMARCA;0;0;0;0;0;42,8
LA VEGA;CUNDINAMARCA;2;0;2;0;4;42,8
LENGUAZAQUE;CUNDINAMARCA;0;0;0;0;0;42,8
MACHETÁ;CUNDINAMARCA;0;0;0;0;0;42,8
MADRID;CUNDINAMARCA;2;0;0;2;0;42,8
MANTA;CUNDINAMARCA;0;0;0;0;0;42,8
MEDINA;CUNDINAMARCA;0;0;0;0;0;42,8
MOSQUERA;CUNDINAMARCA;3;0;1;2;0;42,8
NARIÑO;CUNDINAMARCA;0;0;0;0;12;42,8
NEMOCÓN;CUNDINAMARCA;0;0;0;0;0;42,8
NILO;CUNDINAMARCA;0;0;0;0;0;42,8
NIMAIMA;CUNDINAMARCA;0;0;0;0;0;42,8
NOCAIMA;CUNDINAMARCA;0;0;0;0;0;42,8
VENECIA;CUNDINAMARCA;0;0;0;0;0;42,8
PACHO;CUNDINAMARCA;1;0;0;1;0;42,8
PAIME;CUNDINAMARCA;0;0;0;0;0;42,8
PANDI;CUNDINAMARCA;0;0;0;0;0;42,8
PARATEBUENO;CUNDINAMARCA;0;0;0;0;0;42,8
PASCA;CUNDINAMARCA;0;0;0;0;0;42,8
PUERTO SALGAR;CUNDINAMARCA;0;0;0;0;0;42,8
PULÍ;CUNDINAMARCA;0;0;0;0;0;42,8
QUEBRADANEGRA;CUNDINAMARCA;0;0;0;0;0;42,8
QUETAME;CUNDINAMARCA;0;0;0;0;0;42,8
QUIPILE;CUNDINAMARCA;0;0;0;0;0;42,8
APULO;CUNDINAMARCA;0;0;0;0;0;42,8
RICAURTE;CUNDINAMARCA;1;0;1;0;0;42,8
SAN ANTONIO DEL TEQUENDAMA;CUNDINAMARCA;0;0;0;0;0;42,8
SAN BERNARDO;CUNDINAMARCA;0;0;0;0;0;42,8
SAN CAYETANO;CUNDINAMARCA;0;0;0;0;0;42,8
SAN FRANCISCO;CUNDINAMARCA;0;0;0;0;0;42,8
SAN JUAN DE RIOSECO;CUNDINAMARCA;0;0;0;0;0;42,8
SASAIMA;CUNDINAMARCA;0;0;0;0;0;42,8
SESQUILÉ;CUNDINAMARCA;0;0;0;0;0;42,8
SIBATÉ;CUNDINAMARCA;0;0;0;0;0;42,8
SILVANIA;CUNDINAMARCA;0;0;0;0;0;42,8
SIMIJACA;CUNDINAMARCA;0;0;0;0;0;42,8
SOACHA;CUNDINAMARCA;8;0;0;8;0;42,8
SOPÓ;CUNDINAMARCA;0;0;0;0;0;42,8
SUBACHOQUE;CUNDINAMARCA;1;0;0;1;0;42,8
SUESCA;CUNDINAMARCA;2;0;0;2;0;42,8
SUPATÁ;CUNDINAMARCA;0;0;0;0;0;42,8
SUSA;CUNDINAMARCA;0;0;0;0;0;42,8
SUTATAUSA;CUNDINAMARCA;0;0;0;0;0;42,8
TABIO;CUNDINAMARCA;0;0;0;0;0;42,8
TAUSA;CUNDINAMARCA;0;0;0;0;0;42,8
TENA;CUNDINAMARCA;0;0;0;0;0;42,8
TENJO;CUNDINAMARCA;0;0;0;0;0;42,8
TIBACUY;CUNDINAMARCA;0;0;0;0;0;42,8
TIBIRITA;CUNDINAMARCA;0;0;0;0;0;42,8
TOCAIMA;CUNDINAMARCA;0;0;0;0;0;42,8
TOCANCIPÁ;CUNDINAMARCA;2;0;0;2;0;42,8
TOPAIPÍ;CUNDINAMARCA;0;0;0;0;0;42,8
UBALÁ;CUNDINAMARCA;0;0;0;0;0;42,8
UBAQUE;CUNDINAMARCA;0;0;0;0;0;42,8
VILLA DE SAN DIEGO DE UBATÉ;CUNDINAMARCA;2;0;1;1;0;42,8
UNE;CUNDINAMARCA;0;0;0;0;0;42,8
ÚTICA;CUNDINAMARCA;0;0;0;0;0;42,8
VERGARA;CUNDINAMARCA;0;0;0;0;0;42,8
VIANÍ;CUNDINAMARCA;0;0;0;0;0;42,8
VILLAGÓMEZ;CUNDINAMARCA;0;0;0;0;0;42,8
VILLAPINZÓN;CUNDINAMARCA;1;0;1;0;0;42,8
VILLETA;CUNDINAMARCA;0;0;0;0;0;42,8
VIOTÁ;CUNDINAMARCA;1;0;1;0;0;42,8
YACOPÍ;CUNDINAMARCA;0;0;0;0;0;42,8
ZIPACÓN;CUNDINAMARCA;0;0;0;0;0;42,8
ZIPAQUIRÁ;CUNDINAMARCA;3;0;0;3;0;42,8
QUIBDÓ;CHOCÓ;8;0;4;4;0;42,8
ACANDÍ;CHOCÓ;0;0;0;0;0;42,8
ALTO BAUDÓ;CHOCÓ;0;0;0;0;0;42,8
ATRATO;CHOCÓ;0;0;0;0;0;42,8
BAGADÓ;CHOCÓ;0;0;0;0;0;42,8
BAHÍA SOLANO;CHOCÓ;1;0;1;0;0;42,8
BAJO BAUDÓ;CHOCÓ;0;0;0;0;0;42,8
BOJAYÁ;CHOCÓ;0;0;0;0;0;42,8
EL CANTÓN DEL SAN PABLO;CHOCÓ;0;0;0;0;0;42,8
CARMEN DEL DARIÉN;CHOCÓ;0;0;0;0;0;42,8
CÉRTEGUI;CHOCÓ;0;0;0;0;0;42,8
CONDOTO;CHOCÓ;0;0;0;0;0;42,8
EL CARMEN DE ATRATO;CHOCÓ;0;0;0;0;0;42,8
EL LITORAL DEL SAN JUAN;CHOCÓ;0;0;0;0;0;42,8
ISTMINA;CHOCÓ;5;0;3;2;0;42,8
JURADÓ;CHOCÓ;0;0;0;0;0;42,8
LLORÓ;CHOCÓ;0;0;0;0;0;42,8
MEDIO ATRATO;CHOCÓ;0;0;0;0;0;42,8
MEDIO BAUDÓ;CHOCÓ;0;0;0;0;14;42,8
MEDIO SAN JUAN;CHOCÓ;0;0;0;0;28;42,8
NÓVITA;CHOCÓ;0;0;0;0;215;42,8
NUEVO BELÉN DE BAJIRÁ;CHOCÓ;0;0;0;0;0;42,8
NUQUÍ;CHOCÓ;0;0;0;0;8;42,8
RÍO IRÓ;CHOCÓ;0;0;0;0;19;42,8
RÍO QUITO;CHOCÓ;0;0;0;0;7;42,8
RIOSUCIO;CHOCÓ;0;0;0;0;50;42,8
SAN JOSÉ DEL PALMAR;CHOCÓ;0;0;0;0;9;42,8
SIPÍ;CHOCÓ;0;0;0;0;4;42,8
TADÓ;CHOCÓ;0;0;0;0;61;42,8
UNGUÍA;CHOCÓ;0;0;0;0;8;42,8
UNIÓN PANAMERICANA;CHOCÓ;0;0;0;0;10;42,8
NEIVA;HUILA;15;2;0;17;43;38,2
ACEVEDO;HUILA;0;0;0;0;30;38,2
AGRADO;HUILA;1;0;1;0;0;38,2
AIPE;HUILA;0;0;0;0;14;38,2
ALGECIRAS;HUILA;0;0;0;0;75;38,2
ALTAMIRA;HUILA;0;0;0;0;0;38,2
BARAYA;HUILA;0;0;0;0;0;38,2
CAMPOALEGRE;HUILA;2;0;0;2;0;38,2
COLOMBIA;HUILA;0;0;0;0;10;38,2
ELÍAS;HUILA;0;0;0;0;0;38,2
GARZÓN;HUILA;4;0;1;3;0;38,2
GIGANTE;HUILA;0;0;0;0;15;38,2
GUADALUPE;HUILA;1;0;1;0;30;38,2
HOBO;HUILA;0;0;0;0;2;38,2
ÍQUIRA;HUILA;1;0;1;0;0;38,2
ISNOS;HUILA;0;0;0;0;0;38,2
LA ARGENTINA;HUILA;0;0;0;0;0;38,2
LA PLATA;HUILA;0;0;0;0;0;38,2
NÁTAGA;HUILA;0;0;0;0;12;38,2
OPORAPA;HUILA;1;0;1;0;0;38,2
PAICOL;HUILA;0;0;0;0;0;38,2
PALERMO;HUILA;0;0;0;0;0;38,2
PALESTINA;HUILA;1;0;1;0;0;38,2
PITAL;HUILA;0;0;0;0;0;38,2
PITALITO;HUILA;3;0;1;2;0;38,2
RIVERA;HUILA;2;0;1;1;0;38,2
SALADOBLANCO;HUILA;0;0;0;0;0;38,2
SAN AGUSTÍN;HUILA;1;0;0;1;0;38,2
SANTA MARÍA;HUILA;0;0;0;0;0;38,2
SUAZA;HUILA;2;0;1;1;6;38,2
TARQUI;HUILA;0;0;0;0;0;38,2
TESALIA;HUILA;1;0;0;1;0;38,2
TELLO;HUILA;0;0;0;0;0;38,2
TERUEL;HUILA;0;0;0;0;0;38,2
TIMANÁ;HUILA;2;0;1;1;0;38,2
VILLAVIEJA;HUILA;0;0;0;0;0;38,2
YAGUARÁ;HUILA;0;0;0;0;0;38,2
RIOHACHA;LA GUAJIRA;4;0;0;4;0;44,8
ALBANIA;LA GUAJIRA;1;0;0;1;4;44,8
BARRANCAS;LA GUAJIRA;0;0;0;0;0;44,8
DIBULLA;LA GUAJIRA;2;0;0;2;0;44,8
DISTRACCIÓN;LA GUAJIRA;0;0;0;0;0;44,8
EL MOLINO;LA GUAJIRA;0;0;0;0;0;44,8
FONSECA;LA GUAJIRA;3;0;0;3;0;44,8
HATONUEVO;LA GUAJIRA;0;0;0;0;0;44,8
LA JAGUA DEL PILAR;LA GUAJIRA;0;0;0;0;0;44,8
MAICAO;LA GUAJIRA;4;0;1;3;0;44,8
MANAURE;LA GUAJIRA;0;0;0;0;0;44,8
SAN JUAN DEL CESAR;LA GUAJIRA;0;0;0;0;0;44,8
URIBIA;LA GUAJIRA;0;0;0;0;0;44,8
URUMITA;LA GUAJIRA;0;0;0;0;0;44,8
VILLANUEVA;LA GUAJIRA;1;0;0;1;5;44,8
SANTA MARTA;MAGDALENA;4;0;0;4;0;40,1
ALGARROBO;MAGDALENA;0;0;0;0;0;40,1
ARACATACA;MAGDALENA;1;0;1;0;0;40,1
ARIGUANÍ;MAGDALENA;0;0;0;0;0;40,1
CERRO DE SAN ANTONIO;MAGDALENA;0;0;0;0;0;40,1
CHIVOLO;MAGDALENA;2;0;1;1;0;40,1
CIÉNAGA;MAGDALENA;4;1;0;5;0;40,1
CONCORDIA;MAGDALENA;2;0;2;0;0;40,1
EL BANCO;MAGDALENA;3;0;1;2;17;40,1
EL PIÑÓN;MAGDALENA;0;0;0;0;2;40,1
EL RETÉN;MAGDALENA;0;0;0;0;4;40,1
FUNDACIÓN;MAGDALENA;1;0;0;1;28;40,1
GUAMAL;MAGDALENA;0;0;0;0;9;40,1
NUEVA GRANADA;MAGDALENA;0;0;0;0;0;40,1
PEDRAZA;MAGDALENA;0;0;0;0;0;40,1
PIJIÑO DEL CARMEN;MAGDALENA;0;0;0;0;0;40,1
PIVIJAY;MAGDALENA;0;0;0;0;0;40,1
PLATO;MAGDALENA;0;0;0;0;3;40,1
PUEBLOVIEJO;MAGDALENA;0;0;0;0;0;40,1
REMOLINO;MAGDALENA;0;0;0;0;0;40,1
SABANAS DE SAN ÁNGEL;MAGDALENA;0;0;0;0;0;40,1
SALAMINA;MAGDALENA;0;0;0;0;0;40,1
SAN SEBASTIÁN DE BUENAVISTA;MAGDALENA;0;0;0;0;0;40,1
SAN ZENÓN;MAGDALENA;0;0;0;0;9;40,1
SANTA ANA;MAGDALENA;0;0;0;0;0;40,1
SANTA BÁRBARA DE PINTO;MAGDALENA;0;0;0;0;0;40,1
SITIONUEVO;MAGDALENA;0;0;0;0;0;40,1
TENERIFE;MAGDALENA;0;0;0;0;0;40,1
ZAPAYÁN;MAGDALENA;0;0;0;0;0;40,1
ZONA BANANERA;MAGDALENA;0;0;0;0;0;40,1
VILLAVICENCIO;META;3;0;0;3;0;39,4
ACACÍAS;META;0;0;0;0;0;39,4
BARRANCA DE UPÍA;META;0;0;0;0;0;39,4
CABUYARO;META;0;0;0;0;0;39,4
CASTILLA LA NUEVA;META;1;0;1;0;0;39,4
CUBARRAL;META;0;0;0;0;0;39,4
CUMARAL;META;0;0;0;0;0;39,4
EL CALVARIO;META;0;0;0;0;0;39,4
EL CASTILLO;META;0;0;0;0;0;39,4
EL DORADO;META;0;0;0;0;0;39,4
FUENTE DE ORO;META;0;0;0;0;0;39,4
GRANADA;META;3;1;3;1;2;39,4
GUAMAL;META;0;0;0;0;9;39,4
MAPIRIPÁN;META;0;0;0;0;17;39,4
MESETAS;META;0;0;0;0;0;39,4
LA MACARENA;META;0;0;0;0;0;39,4
URIBE;META;0;0;0;0;0;39,4
LEJANÍAS;META;0;0;0;0;0;39,4
PUERTO CONCORDIA;META;0;0;0;0;0;39,4
PUERTO GAITÁN;META;2;0;1;1;0;39,4
PUERTO LÓPEZ;META;0;0;0;0;0;39,4
PUERTO LLERAS;META;0;0;0;0;20;39,4
PUERTO RICO;META;0;0;0;0;0;39,4
RESTREPO;META;0;0;0;0;0;39,4
SAN CARLOS DE GUAROA;META;1;0;1;0;1;39,4
SAN JUAN DE ARAMA;META;0;0;0;0;0;39,4
SAN JUANITO;META;0;0;0;0;0;39,4
SAN MARTÍN;META;3;0;0;3;0;39,4
VISTAHERMOSA;META;0;0;0;0;20;39,4
PASTO;NARIÑO;11;1;0;12;0;40,5
ALBÁN;NARIÑO;0;0;0;0;0;40,5
ALDANA;NARIÑO;0;0;0;0;0;40,5
ANCUYA;NARIÑO;0;0;0;0;0;40,5
ARBOLEDA;NARIÑO;0;0;0;0;0;40,5
BARBACOAS;NARIÑO;0;0;0;0;0;40,5
BELÉN;NARIÑO;0;0;0;0;0;40,5
BUESACO;NARIÑO;0;0;0;0;4;40,5
COLÓN;NARIÑO;0;0;0;0;2;40,5
CONSACÁ;NARIÑO;0;0;0;0;0;40,5
CONTADERO;NARIÑO;0;0;0;0;0;40,5
CÓRDOBA;NARIÑO;1;0;1;0;0;40,5
CUASPUD CARLOSAMA;NARIÑO;0;0;0;0;0;40,5
CUMBAL;NARIÑO;0;0;0;0;0;40,5
CUMBITARA;NARIÑO;0;0;0;0;0;40,5
CHACHAGÜÍ;NARIÑO;0;1;1;0;0;40,5
EL CHARCO;NARIÑO;0;0;0;0;46;40,5
EL PEÑOL;NARIÑO;0;0;0;0;0;40,5
EL ROSARIO;NARIÑO;0;0;0;0;10;40,5
EL TABLÓN DE GÓMEZ;NARIÑO;1;0;1;0;1;40,5
EL TAMBO;NARIÑO;0;0;0;0;64;40,5
FUNES;NARIÑO;0;0;0;0;0;40,5
GUACHUCAL;NARIÑO;0;0;0;0;0;40,5
GUAITARILLA;NARIÑO;0;0;0;0;0;40,5
GUALMATÁN;NARIÑO;1;0;1;0;0;40,5
ILES;NARIÑO;0;0;0;0;0;40,5
IMUÉS;NARIÑO;0;0;0;0;0;40,5
IPIALES;NARIÑO;5;2;1;6;0;40,5
LA CRUZ;NARIÑO;0;0;0;0;0;40,5
LA FLORIDA;NARIÑO;0;0;0;0;0;40,5
LA LLANADA;NARIÑO;0;0;0;0;3;40,5
LA TOLA;NARIÑO;0;0;0;0;0;40,5
LA UNIÓN;NARIÑO;0;0;0;0;3;40,5
LEIVA;NARIÑO;0;0;0;0;0;40,5
LINARES;NARIÑO;0;0;0;0;0;40,5
LOS ANDES;NARIÑO;0;0;0;0;48;40,5
MAGÜÍ;NARIÑO;0;0;0;0;0;40,5
MALLAMA;NARIÑO;0;0;0;0;0;40,5
MOSQUERA;NARIÑO;3;0;1;2;0;40,5
NARIÑO;NARIÑO;0;0;0;0;12;40,5
OLAYA HERRERA;NARIÑO;0;0;0;0;0;40,5
OSPINA;NARIÑO;0;0;0;0;0;40,5
FRANCISCO PIZARRO;NARIÑO;0;0;0;0;7;40,5
POLICARPA;NARIÑO;0;0;0;0;11;40,5
POTOSÍ;NARIÑO;0;0;0;0;0;40,5
PROVIDENCIA;NARIÑO;0;0;0;0;0;40,5
PUERRES;NARIÑO;0;0;0;0;0;40,5
PUPIALES;NARIÑO;0;0;0;0;0;40,5
RICAURTE;NARIÑO;1;0;1;0;0;40,5
ROBERTO PAYÁN;NARIÑO;0;0;0;0;0;40,5
SAMANIEGO;NARIÑO;1;0;1;0;0;40,5
SANDONÁ;NARIÑO;1;0;0;1;0;40,5
SAN BERNARDO;NARIÑO;0;0;0;0;0;40,5
SAN LORENZO;NARIÑO;0;0;0;0;0;40,5
SAN PABLO;NARIÑO;2;0;2;0;0;40,5
SAN PEDRO DE CARTAGO;NARIÑO;0;0;0;0;0;40,5
SANTA BÁRBARA;NARIÑO;0;0;0;0;6;40,5
SANTACRUZ;NARIÑO;0;0;0;0;0;40,5
SAPUYES;NARIÑO;0;0;0;0;0;40,5
TAMINANGO;NARIÑO;0;0;0;0;0;40,5
TANGUA;NARIÑO;0;0;0;0;0;40,5
SAN ANDRÉS DE TUMACO;NARIÑO;11;0;4;7;0;40,5
TÚQUERRES;NARIÑO;1;0;1;0;0;40,5
YACUANQUER;NARIÑO;0;0;0;0;0;40,5
SAN JOSÉ DE CÚCUTA;NORTE DE SANTANDER;0;0;0;0;293;41,7
ÁBREGO;NORTE DE SANTANDER;0;0;0;0;1549;41,7
ARBOLEDAS;NORTE DE SANTANDER;1;0;1;0;1;41,7
BOCHALEMA;NORTE DE SANTANDER;1;0;0;1;0;41,7
BUCARASICA;NORTE DE SANTANDER;0;0;0;0;2;41,7
CÁCOTA;NORTE DE SANTANDER;0;0;0;0;5;41,7
CÁCHIRA;NORTE DE SANTANDER;0;0;0;0;13;41,7
CHINÁCOTA;NORTE DE SANTANDER;0;0;0;0;3;41,7
CHITAGÁ;NORTE DE SANTANDER;0;0;0;0;5;41,7
CONVENCIÓN;NORTE DE SANTANDER;1;0;1;0;3902;41,7
CUCUTILLA;NORTE DE SANTANDER;0;0;0;0;1;41,7
DURANIA;NORTE DE SANTANDER;0;0;0;0;0;41,7
EL CARMEN;NORTE DE SANTANDER;0;0;0;0;294;41,7
EL TARRA;NORTE DE SANTANDER;1;1;2;0;6814;41,7
EL ZULIA;NORTE DE SANTANDER;2;0;0;2;25;41,7
GRAMALOTE;NORTE DE SANTANDER;0;0;0;0;0;41,7
HACARÍ;NORTE DE SANTANDER;0;0;0;0;0;41,7
HERRÁN;NORTE DE SANTANDER;0;0;0;0;0;41,7
LABATECA;NORTE DE SANTANDER;0;0;0;0;0;41,7
LA ESPERANZA;NORTE DE SANTANDER;0;0;0;0;0;41,7
LA PLAYA;NORTE DE SANTANDER;0;0;0;0;0;41,7
LOS PATIOS;NORTE DE SANTANDER;3;0;0;3;12;41,7
LOURDES;NORTE DE SANTANDER;0;0;0;0;0;41,7
MUTISCUA;NORTE DE SANTANDER;0;0;0;0;0;41,7
OCAÑA;NORTE DE SANTANDER;1;0;1;0;0;41,7
PAMPLONA;NORTE DE SANTANDER;0;0;0;0;0;41,7
PAMPLONITA;NORTE DE SANTANDER;0;0;0;0;0;41,7
PUERTO SANTANDER;NORTE DE SANTANDER;1;0;0;1;0;41,7
RAGONVALIA;NORTE DE SANTANDER;0;0;0;0;0;41,7
SALAZAR;NORTE DE SANTANDER;1;0;1;0;0;41,7
SAN CALIXTO;NORTE DE SANTANDER;1;0;0;1;0;41,7
SAN CAYETANO;NORTE DE SANTANDER;0;0;0;0;0;41,7
SANTIAGO;NORTE DE SANTANDER;0;0;0;0;0;41,7
SARDINATA;NORTE DE SANTANDER;1;0;0;1;0;41,7
SILOS;NORTE DE SANTANDER;0;0;0;0;0;41,7
TEORAMA;NORTE DE SANTANDER;0;0;0;0;0;41,7
TIBÚ;NORTE DE SANTANDER;2;1;3;0;0;41,7
TOLEDO;NORTE DE SANTANDER;0;0;0;0;0;41,7
VILLA CARO;NORTE DE SANTANDER;0;0;0;0;0;41,7
VILLA DEL ROSARIO;NORTE DE SANTANDER;7;1;1;7;36;41,7
ARMENIA;QUINDÍO;2;0;0;2;0;38,7
BUENAVISTA;QUINDÍO;0;0;0;0;17;38,7
CALARCÁ;QUINDÍO;1;0;0;1;0;38,7
CIRCASIA;QUINDÍO;0;0;0;0;0;38,7
CÓRDOBA;QUINDÍO;1;0;1;0;0;38,7
FILANDIA;QUINDÍO;0;0;0;0;0;38,7
GÉNOVA;QUINDÍO;0;0;0;0;0;38,7
LA TEBAIDA;QUINDÍO;1;0;0;1;0;38,7
MONTENEGRO;QUINDÍO;1;0;0;1;0;38,7
PIJAO;QUINDÍO;0;0;0;0;0;38,7
QUIMBAYA;QUINDÍO;0;0;0;0;0;38,7
SALENTO;QUINDÍO;0;0;0;0;0;38,7
PEREIRA;RISARALDA;11;0;0;11;5;40,1
APÍA;RISARALDA;0;0;0;0;0;40,1
BALBOA;RISARALDA;0;0;0;0;27;40,1
BELÉN DE UMBRÍA;RISARALDA;0;0;0;0;0;40,1
DOSQUEBRADAS;RISARALDA;5;0;0;5;0;40,1
GUÁTICA;RISARALDA;0;0;0;0;0;40,1
LA CELIA;RISARALDA;0;0;0;0;0;40,1
LA VIRGINIA;RISARALDA;2;0;0;2;0;40,1
MARSELLA;RISARALDA;0;0;0;0;0;40,1
MISTRATÓ;RISARALDA;0;0;0;0;17;40,1
PUEBLO RICO;RISARALDA;0;0;0;0;390;40,1
QUINCHÍA;RISARALDA;0;0;0;0;0;40,1
SANTA ROSA DE CABAL;RISARALDA;4;0;0;4;0;40,1
SANTUARIO;RISARALDA;0;0;0;0;0;40,1
BUCARAMANGA;SANTANDER;8;1;0;9;0;39
AGUADA;SANTANDER;0;0;0;0;0;39
ALBANIA;SANTANDER;1;0;0;1;4;39
ARATOCA;SANTANDER;0;0;0;0;0;39
BARBOSA;SANTANDER;3;0;1;2;4;39
BARICHARA;SANTANDER;0;0;0;0;0;39
BARRANCABERMEJA;SANTANDER;9;1;6;4;0;39
BETULIA;SANTANDER;0;0;0;0;10;39
BOLÍVAR;SANTANDER;1;0;0;1;26;39
CABRERA;SANTANDER;0;0;0;0;0;39
CALIFORNIA;SANTANDER;0;0;0;0;0;39
CAPITANEJO;SANTANDER;0;0;0;0;0;39
CARCASÍ;SANTANDER;0;0;0;0;0;39
CEPITÁ;SANTANDER;0;0;0;0;0;39
CERRITO;SANTANDER;0;0;0;0;0;39
CHARALÁ;SANTANDER;0;0;0;0;0;39
CHARTA;SANTANDER;0;0;0;0;0;39
CHIMA;SANTANDER;0;0;0;0;0;39
CHIPATÁ;SANTANDER;1;0;1;0;0;39
CIMITARRA;SANTANDER;0;0;0;0;0;39
CONCEPCIÓN;SANTANDER;0;0;0;0;0;39
CONFINES;SANTANDER;0;0;0;0;0;39
CONTRATACIÓN;SANTANDER;1;0;0;1;0;39
COROMORO;SANTANDER;0;0;0;0;0;39
CURITÍ;SANTANDER;0;0;0;0;0;39
EL CARMEN DE CHUCURÍ;SANTANDER;0;0;0;0;0;39
EL GUACAMAYO;SANTANDER;0;0;0;0;0;39
EL PEÑÓN;SANTANDER;0;0;0;0;0;39
EL PLAYÓN;SANTANDER;0;0;0;0;1;39
ENCINO;SANTANDER;1;0;1;0;0;39
ENCISO;SANTANDER;0;0;0;0;0;39
FLORIÁN;SANTANDER;0;0;0;0;7;39
FLORIDABLANCA;SANTANDER;2;0;0;2;0;39
GALÁN;SANTANDER;0;0;0;0;0;39
GÁMBITA;SANTANDER;0;0;0;0;0;39
GIRÓN;SANTANDER;2;0;0;2;0;39
GUACA;SANTANDER;0;0;0;0;0;39
GUADALUPE;SANTANDER;1;0;1;0;30;39
GUAPOTÁ;SANTANDER;0;0;0;0;0;39
GUAVATÁ;SANTANDER;0;0;0;0;0;39
GÜEPSA;SANTANDER;0;0;0;0;0;39
HATO;SANTANDER;0;0;0;0;0;39
JESÚS MARÍA;SANTANDER;0;0;0;0;0;39
JORDÁN;SANTANDER;0;0;0;0;0;39
LA BELLEZA;SANTANDER;0;0;0;0;0;39
LANDÁZURI;SANTANDER;0;1;1;0;0;39
LA PAZ;SANTANDER;0;0;0;0;0;39
LEBRIJA;SANTANDER;1;0;0;1;0;39
LOS SANTOS;SANTANDER;0;0;0;0;0;39
MACARAVITA;SANTANDER;0;0;0;0;0;39
MÁLAGA;SANTANDER;0;0;0;0;0;39
MATANZA;SANTANDER;0;0;0;0;0;39
MOGOTES;SANTANDER;0;0;0;0;0;39
MOLAGAVITA;SANTANDER;0;0;0;0;0;39
OCAMONTE;SANTANDER;0;0;0;0;0;39
OIBA;SANTANDER;0;0;0;0;0;39
ONZAGA;SANTANDER;0;0;0;0;0;39
PALMAR;SANTANDER;0;0;0;0;0;39
PALMAS DEL SOCORRO;SANTANDER;0;0;0;0;0;39
PÁRAMO;SANTANDER;0;0;0;0;0;39
PIEDECUESTA;SANTANDER;2;0;0;2;0;39
PINCHOTE;SANTANDER;0;0;0;0;0;39
PUENTE NACIONAL;SANTANDER;0;0;0;0;0;39
PUERTO PARRA;SANTANDER;0;0;0;0;0;39
PUERTO WILCHES;SANTANDER;0;0;0;0;0;39
RIONEGRO;SANTANDER;7;1;0;8;0;39
SABANA DE TORRES;SANTANDER;0;0;0;0;0;39
SAN ANDRÉS;SANTANDER;0;1;0;1;0;39
SAN BENITO;SANTANDER;0;0;0;0;0;39
SAN GIL;SANTANDER;2;0;0;2;0;39
SAN JOAQUÍN;SANTANDER;0;0;0;0;0;39
SAN JOSÉ DE MIRANDA;SANTANDER;0;0;0;0;0;39
SAN MIGUEL;SANTANDER;0;0;0;0;0;39
SAN VICENTE DE CHUCURÍ;SANTANDER;1;0;1;0;0;39
SANTA BÁRBARA;SANTANDER;0;0;0;0;6;39
SANTA HELENA DEL OPÓN;SANTANDER;0;0;0;0;0;39
SIMACOTA;SANTANDER;0;0;0;0;0;39
SOCORRO;SANTANDER;1;0;0;1;0;39
SUAITA;SANTANDER;0;0;0;0;0;39
SUCRE;SANTANDER;0;0;0;0;0;39
SURATÁ;SANTANDER;0;0;0;0;0;39
TONA;SANTANDER;0;0;0;0;0;39
VALLE DE SAN JOSÉ;SANTANDER;0;0;0;0;0;39
VÉLEZ;SANTANDER;1;0;0;1;0;39
VETAS;SANTANDER;0;0;0;0;0;39
VILLANUEVA;SANTANDER;1;0;0;1;5;39
ZAPATOCA;SANTANDER;0;0;0;0;0;39
SINCELEJO;SUCRE;5;0;0;5;0;40,2
BUENAVISTA;SUCRE;0;0;0;0;17;40,2
CAIMITO;SUCRE;0;0;0;0;0;40,2
COLOSÓ;SUCRE;0;0;0;0;0;40,2
COROZAL;SUCRE;2;0;0;2;0;40,2
COVEÑAS;SUCRE;0;0;0;0;0;40,2
CHALÁN;SUCRE;0;0;0;0;0;40,2
EL ROBLE;SUCRE;0;0;0;0;0;40,2
GALERAS;SUCRE;1;0;0;1;0;40,2
GUARANDA;SUCRE;0;0;0;0;11;40,2
LA UNIÓN;SUCRE;0;0;0;0;3;40,2
LOS PALMITOS;SUCRE;0;0;0;0;0;40,2
MAJAGUAL;SUCRE;0;0;0;0;0;40,2
MORROA;SUCRE;0;0;0;0;0;40,2
OVEJAS;SUCRE;0;0;0;0;0;40,2
PALMITO;SUCRE;0;0;0;0;0;40,2
SAMPUÉS;SUCRE;0;0;0;0;0;40,2
SAN BENITO ABAD;SUCRE;0;0;0;0;0;40,2
SAN JUAN DE BETULIA;SUCRE;0;0;0;0;0;40,2
SAN MARCOS;SUCRE;1;0;0;1;0;40,2
SAN ONOFRE;SUCRE;0;0;0;0;0;40,2
SAN PEDRO;SUCRE;0;0;0;0;0;40,2
SAN LUIS DE SINCÉ;SUCRE;0;0;0;0;0;40,2
SUCRE;SUCRE;0;0;0;0;0;40,2
SANTIAGO DE TOLÚ;SUCRE;3;0;3;0;0;40,2
SAN JOSÉ DE TOLUVIEJO;SUCRE;0;0;0;0;0;40,2
IBAGUÉ;TOLIMA;10;0;0;10;0;38,9
ALPUJARRA;TOLIMA;0;0;0;0;1;38,9
ALVARADO;TOLIMA;0;0;0;0;0;38,9
AMBALEMA;TOLIMA;0;0;0;0;0;38,9
ANZOÁTEGUI;TOLIMA;0;0;0;0;0;38,9
ARMERO;TOLIMA;0;0;0;0;0;38,9
ATACO;TOLIMA;0;0;0;0;0;38,9
CAJAMARCA;TOLIMA;0;0;0;0;0;38,9
CARMEN DE APICALÁ;TOLIMA;0;0;0;0;0;38,9
CASABIANCA;TOLIMA;0;0;0;0;0;38,9
CHAPARRAL;TOLIMA;2;0;0;2;0;38,9
COELLO;TOLIMA;0;0;0;0;0;38,9
COYAIMA;TOLIMA;0;0;0;0;0;38,9
CUNDAY;TOLIMA;0;0;0;0;0;38,9
DOLORES;TOLIMA;0;0;0;0;0;38,9
ESPINAL;TOLIMA;1;0;0;1;0;38,9
FALAN;TOLIMA;4;0;1;3;0;38,9
FLANDES;TOLIMA;1;0;0;1;0;38,9
FRESNO;TOLIMA;2;0;2;0;0;38,9
GUAMO;TOLIMA;2;0;0;2;0;38,9
HERVEO;TOLIMA;0;0;0;0;0;38,9
HONDA;TOLIMA;1;0;0;1;0;38,9
ICONONZO;TOLIMA;0;0;0;0;0;38,9
LÉRIDA;TOLIMA;0;0;0;0;0;38,9
LÍBANO;TOLIMA;1;0;0;1;0;38,9
SAN SEBASTIÁN DE MARIQUITA;TOLIMA;1;0;1;0;6;38,9
MELGAR;TOLIMA;3;0;0;3;0;38,9
MURILLO;TOLIMA;0;0;0;0;0;38,9
NATAGAIMA;TOLIMA;0;0;0;0;16;38,9
ORTEGA;TOLIMA;0;0;0;0;14;38,9
PALOCABILDO;TOLIMA;2;0;2;0;0;38,9
PIEDRAS;TOLIMA;0;0;0;0;0;38,9
PLANADAS;TOLIMA;0;0;0;0;32;38,9
PRADO;TOLIMA;0;0;0;0;0;38,9
PURIFICACIÓN;TOLIMA;0;0;0;0;0;38,9
RIOBLANCO;TOLIMA;2;0;2;0;33;38,9
RONCESVALLES;TOLIMA;0;0;0;0;0;38,9
ROVIRA;TOLIMA;3;1;2;2;32;38,9
SALDAÑA;TOLIMA;0;0;0;0;0;38,9
SAN ANTONIO;TOLIMA;0;0;0;0;18;38,9
SAN LUIS;TOLIMA;1;0;1;0;4;38,9
SANTA ISABEL;TOLIMA;0;0;0;0;0;38,9
SUÁREZ;TOLIMA;0;0;0;0;0;38,9
VALLE DE SAN JUAN;TOLIMA;0;0;0;0;0;38,9
VENADILLO;TOLIMA;0;0;0;0;0;38,9
VILLAHERMOSA;TOLIMA;0;0;0;0;0;38,9
VILLARRICA;TOLIMA;0;0;0;0;0;38,9
SANTIAGO DE CALI;VALLE DEL CAUCA;0;0;0;0;0;39
ALCALÁ;VALLE DEL CAUCA;0;0;0;0;0;39
ANDALUCÍA;VALLE DEL CAUCA;0;0;0;0;0;39
ANSERMANUEVO;VALLE DEL CAUCA;0;0;0;0;0;39
ARGELIA;VALLE DEL CAUCA;0;0;0;0;261;39
BOLÍVAR;VALLE DEL CAUCA;1;0;0;1;26;39
BUENAVENTURA;VALLE DEL CAUCA;17;1;1;17;0;39
GUADALAJARA DE BUGA;VALLE DEL CAUCA;4;0;2;2;0;39
BUGALAGRANDE;VALLE DEL CAUCA;0;0;0;0;8;39
CAICEDONIA;VALLE DEL CAUCA;0;0;0;0;0;39
CALIMA;VALLE DEL CAUCA;2;0;1;1;0;39
CANDELARIA;VALLE DEL CAUCA;1;0;0;1;0;39
CARTAGO;VALLE DEL CAUCA;7;0;2;5;11;39
DAGUA;VALLE DEL CAUCA;0;0;0;0;7;39
EL ÁGUILA;VALLE DEL CAUCA;2;0;1;1;0;39
EL CAIRO;VALLE DEL CAUCA;0;0;0;0;0;39
EL CERRITO;VALLE DEL CAUCA;0;0;0;0;0;39
EL DOVIO;VALLE DEL CAUCA;1;0;1;0;0;39
FLORIDA;VALLE DEL CAUCA;5;1;4;2;0;39
GINEBRA;VALLE DEL CAUCA;0;0;0;0;0;39
GUACARÍ;VALLE DEL CAUCA;2;0;0;2;0;39
JAMUNDÍ;VALLE DEL CAUCA;0;0;0;0;127;39
LA CUMBRE;VALLE DEL CAUCA;0;0;0;0;0;39
LA UNIÓN;VALLE DEL CAUCA;0;0;0;0;3;39
LA VICTORIA;VALLE DEL CAUCA;0;0;0;0;0;39
OBANDO;VALLE DEL CAUCA;0;0;0;0;0;39
PALMIRA;VALLE DEL CAUCA;0;0;0;0;0;39
PRADERA;VALLE DEL CAUCA;1;0;0;1;0;39
RESTREPO;VALLE DEL CAUCA;0;0;0;0;0;39
RIOFRÍO;VALLE DEL CAUCA;0;0;0;0;0;39
ROLDANILLO;VALLE DEL CAUCA;1;0;1;0;0;39
SAN PEDRO;VALLE DEL CAUCA;0;0;0;0;0;39
SEVILLA;VALLE DEL CAUCA;2;0;1;1;0;39
TORO;VALLE DEL CAUCA;0;0;0;0;0;39
TRUJILLO;VALLE DEL CAUCA;0;0;0;0;0;39
TULUÁ;VALLE DEL CAUCA;5;1;2;4;0;39
ULLOA;VALLE DEL CAUCA;0;0;0;0;0;39
VERSALLES;VALLE DEL CAUCA;0;0;0;0;0;39
VIJES;VALLE DEL CAUCA;0;0;0;0;0;39
YOTOCO;VALLE DEL CAUCA;0;0;0;0;0;39
YUMBO;VALLE DEL CAUCA;0;0;0;0;4;39
ZARZAL;VALLE DEL CAUCA;3;0;2;1;1;39
ARAUCA;ARAUCA;5;0;1;4;54;40,4
ARAUQUITA;ARAUCA;1;0;1;0;98;40,4
CRAVO NORTE;ARAUCA;0;0;0;0;2;40,4
FORTUL;ARAUCA;0;0;0;0;35;40,4
PUERTO RONDÓN;ARAUCA;0;0;0;0;32;40,4
SARAVENA;ARAUCA;1;0;0;1;92;40,4
TAME;ARAUCA;0;0;0;0;132;40,4
YOPAL;CASANARE;1;0;1;0;34;37,7
AGUAZUL;CASANARE;0;0;0;0;8;37,7
CHÁMEZA;CASANARE;0;0;0;0;0;37,7
HATO COROZAL;CASANARE;2;0;2;0;7;37,7
LA SALINA;CASANARE;0;0;0;0;0;37,7
MANÍ;CASANARE;0;0;0;0;0;37,7
MONTERREY;CASANARE;1;1;1;1;0;37,7
NUNCHÍA;CASANARE;0;0;0;0;0;37,7
OROCUÉ;CASANARE;0;0;0;0;0;37,7
PAZ DE ARIPORO;CASANARE;0;0;0;0;0;37,7
PORE;CASANARE;0;0;0;0;0;37,7
RECETOR;CASANARE;0;0;0;0;0;37,7
SABANALARGA;CASANARE;1;0;1;0;0;37,7
SÁCAMA;CASANARE;0;0;0;0;0;37,7
SAN LUIS DE PALENQUE;CASANARE;0;0;0;0;0;37,7
TÁMARA;CASANARE;0;0;0;0;0;37,7
TAURAMENA;CASANARE;0;0;0;0;0;37,7
TRINIDAD;CASANARE;1;0;0;1;0;37,7
VILLANUEVA;CASANARE;1;0;0;1;5;37,7
MOCOA;PUTUMAYO;0;0;0;0;0;41,7
COLÓN;PUTUMAYO;0;0;0;0;2;41,7
ORITO;PUTUMAYO;3;0;3;0;0;41,7
PUERTO ASÍS;PUTUMAYO;0;0;0;0;0;41,7
PUERTO CAICEDO;PUTUMAYO;0;0;0;0;0;41,7
PUERTO GUZMÁN;PUTUMAYO;0;0;0;0;0;41,7
PUERTO LEGUÍZAMO;PUTUMAYO;0;0;0;0;0;41,7
SIBUNDOY;PUTUMAYO;0;0;0;0;0;41,7
SAN FRANCISCO;PUTUMAYO;0;0;0;0;0;41,7
SAN MIGUEL;PUTUMAYO;0;0;0;0;0;41,7
SANTIAGO;PUTUMAYO;0;0;0;0;0;41,7
VALLE DEL GUAMUEZ;PUTUMAYO;3;0;2;1;0;41,7
VILLAGARZÓN;PUTUMAYO;1;0;1;0;0;41,7
SAN ANDRÉS;ARCHIPIÉLAGO DE SAN ANDRÉS, PROVIDENCIA Y SANTA CATALINA;0;1;0;1;0;40,4
PROVIDENCIA;ARCHIPIÉLAGO DE SAN ANDRÉS, PROVIDENCIA Y SANTA CATALINA;0;0;0;0;0;40,4
LETICIA;AMAZONAS;3;0;3;0;12;
EL ENCANTO;AMAZONAS;0;0;0;0;0;
LA CHORRERA;AMAZONAS;0;0;0;0;0;
LA PEDRERA;AMAZONAS;0;0;0;0;0;
LA VICTORIA;AMAZONAS;0;0;0;0;0;
MIRITÍ - PARANÁ;AMAZONAS;0;0;0;0;0;
PUERTO ALEGRÍA;AMAZONAS;0;0;0;0;0;
PUERTO ARICA;AMAZONAS;0;0;0;0;0;
PUERTO NARIÑO;AMAZONAS;0;0;0;0;0;
PUERTO SANTANDER;AMAZONAS;1;0;0;1;0;
TARAPACÁ;AMAZONAS;0;0;0;0;0;
INÍRIDA;GUAINÍA;0;0;0;0;0;42,8
BARRANCOMINAS;GUAINÍA;0;0;0;0;0;42,8
SAN FELIPE;GUAINÍA;0;0;0;0;0;42,8
PUERTO COLOMBIA;GUAINÍA;0;0;0;0;0;42,8
LA GUADALUPE;GUAINÍA;0;0;0;0;0;42,8
CACAHUAL;GUAINÍA;0;0;0;0;0;42,8
PANA PANA;GUAINÍA;0;0;0;0;0;42,8
MORICHAL;GUAINÍA;0;0;0;0;0;42,8
SAN JOSÉ DEL GUAVIARE;GUAVIARE;0;0;0;0;73;42,8
CALAMAR;GUAVIARE;0;0;0;0;40;42,8
EL RETORNO;GUAVIARE;0;0;0;0;0;42,8
MIRAFLORES;GUAVIARE;1;0;1;0;0;42,8
MITÚ;VAUPÉS;0;0;0;0;0;42,1
CARURÚ;VAUPÉS;0;0;0;0;0;42,1
PACOA;VAUPÉS;0;0;0;0;0;42,1
TARAIRA;VAUPÉS;0;0;0;0;0;42,1
PAPUNAHUA;VAUPÉS;0;0;0;0;0;42,1
YAVARATÉ;VAUPÉS;0;0;0;0;0;42,1
PUERTO CARREÑO;VICHADA;1;0;1;0;0;49,3
LA PRIMAVERA;VICHADA;0;0;0;0;0;49,3
SANTA ROSALÍA;VICHADA;0;0;0;0;0;49,3
CUMARIBO;VICHADA;0;0;0;0;0;49,3
